<msdyn_planartifact msdyn_planartifactid="a20158ee-3bee-ef11-9342-000d3aafe382">
  <iscustomizable>1</iscustomizable>
  <msdyn_artifactmetadataschemaversion>1.0</msdyn_artifactmetadataschemaversion>
  <msdyn_artifactstatus>419550000</msdyn_artifactstatus>
  <msdyn_description>A mobile-friendly app for registration officers to add and update citizen records, scan documents, and capture biometric data.</msdyn_description>
  <msdyn_name>Citizen Registration</msdyn_name>
  <msdyn_proposal mimetype="application/octet-stream">Citizen Registration</msdyn_proposal>
  <msdyn_proposalschemaversion>1.0</msdyn_proposalschemaversion>
  <msdyn_type>PowerAppsCanvasApp</msdyn_type>
  <statecode>0</statecode>
  <statuscode>1</statuscode>
</msdyn_planartifact>