<msdyn_planartifact msdyn_planartifactid="108ee362-40ee-ef11-9342-000d3aafe382">
  <iscustomizable>1</iscustomizable>
  <msdyn_artifactmetadataschemaversion>1.0</msdyn_artifactmetadataschemaversion>
  <msdyn_artifactstatus>419550000</msdyn_artifactstatus>
  <msdyn_description>A mobile app for field agents to search and retrieve specific citizen records without displaying all records.</msdyn_description>
  <msdyn_name>Field Agent Search</msdyn_name>
  <msdyn_proposal mimetype="application/octet-stream">Field Agent Search</msdyn_proposal>
  <msdyn_proposalschemaversion>1.0</msdyn_proposalschemaversion>
  <msdyn_type>PowerAppsCanvasApp</msdyn_type>
  <statecode>0</statecode>
  <statuscode>1</statuscode>
</msdyn_planartifact>