<msdyn_planartifact msdyn_planartifactid="9e0158ee-3bee-ef11-9342-000d3aafe382">
  <iscustomizable>1</iscustomizable>
  <msdyn_artifactmetadata mimetype="application/octet-stream">System Admin Management</msdyn_artifactmetadata>
  <msdyn_artifactmetadataschemaversion>1.0</msdyn_artifactmetadataschemaversion>
  <msdyn_artifactstatus>419550001</msdyn_artifactstatus>
  <msdyn_description>An app for system administrators to manage system settings, security permissions, and monitor system performance.</msdyn_description>
  <msdyn_name>System Admin Management</msdyn_name>
  <msdyn_proposal mimetype="application/octet-stream">System Admin Management</msdyn_proposal>
  <msdyn_proposalschemaversion>1.0</msdyn_proposalschemaversion>
  <msdyn_type>PowerAppsModelApp</msdyn_type>
  <statecode>0</statecode>
  <statuscode>1</statuscode>
</msdyn_planartifact>