<botcomponent schemaname="cr762_registrationOfficerAssistant_6cFqB.knowledge.PublicSiteSearchSource.0">
  <componenttype>16</componenttype>
  <description>This knowledge source searches information on the web found in https://www.mohais.gov.zm/ website</description>
  <iscustomizable>0</iscustomizable>
  <name>https://www.mohais.gov.zm/</name>
  <parentbotid>
    <schemaname>cr762_registrationOfficerAssistant_6cFqB</schemaname>
  </parentbotid>
  <statecode>0</statecode>
  <statuscode>1</statuscode>
</botcomponent>