<botcomponent schemaname="cr762_registrationOfficerAssistant_6cFqB.component.officer_assistant.docx_2SX">
  <componenttype>14</componenttype>
  <description>This knowledge source searches information contained in officer_assistant.docx</description>
  <filedata mimetype="application/vnd.openxmlformats-officedocument.wordprocessingml.document">officer_assistant.docx</filedata>
  <iscustomizable>0</iscustomizable>
  <name>officer_assistant.docx</name>
  <parentbotid>
    <schemaname>cr762_registrationOfficerAssistant_6cFqB</schemaname>
  </parentbotid>
  <statecode>0</statecode>
  <statuscode>1</statuscode>
</botcomponent>