<msdyn_planartifact msdyn_planartifactid="76377bf4-3bee-ef11-9342-000d3aafe382">
  <iscustomizable>1</iscustomizable>
  <msdyn_artifactmetadataschemaversion>1.0</msdyn_artifactmetadataschemaversion>
  <msdyn_artifactstatus>419550000</msdyn_artifactstatus>
  <msdyn_description>An app for law enforcement officers to access restricted data, verify identities using biometrics, and check criminal records.</msdyn_description>
  <msdyn_name>Law Enforcement</msdyn_name>
  <msdyn_proposal mimetype="application/octet-stream">Law Enforcement</msdyn_proposal>
  <msdyn_proposalschemaversion>1.0</msdyn_proposalschemaversion>
  <msdyn_type>PowerAppsModelApp</msdyn_type>
  <statecode>0</statecode>
  <statuscode>1</statuscode>
</msdyn_planartifact>