<msdyn_plan msdyn_planid="00a42de8-3bee-ef11-9342-000d3aafe382">
  <iscustomizable>1</iscustomizable>
  <msdyn_content mimetype="application/octet-stream">Citizen Management Hub</msdyn_content>
  <msdyn_contentschemaversion> 1.0</msdyn_contentschemaversion>
  <msdyn_description>This solution enables system administrators, registration officers, field agents, and law enforcement officers to efficiently manage and verify citizen identities.</msdyn_description>
  <msdyn_name>Citizen Management Hub</msdyn_name>
  <msdyn_prompt>Build a Citizen Management App that securely stores, retrieves, and verifies citizen records, including identity details, passports, driving licenses, and police records. Combining Model-Driven Apps for structured data management and Canvas Apps for mobile access, the app enables field agents and government officials to efficiently manage citizen identities.

Key Features:
✅ AI-Powered Document Scanning (OCR) – Extracts citizen details from birth certificates, passports, and national IDs, automatically populating records.
✅ Fingerprint Matching &amp; Identification – Uses biometric authentication to identify citizens based on stored fingerprint data.
✅ Facial Recognition for Identity Verification – Compares a live photo with stored images to confirm identity and prevent fraud.
✅ Mobile-Friendly Field Agent Access – Allows agents to scan documents, capture citizen photos, and retrieve records instantly via a Canvas App.
✅ Secure Dataverse Storage – Ensures structured and role-based access to sensitive citizen records.

User Roles:
👤 System Administrator – Manages all system settings, security permissions, and biometric configurations.
👤 Registration Officer – Adds and updates citizen records, scans documents, and captures biometric data.
👤 Field Agent – Retrieves citizen records on mobile, verifies identities, and captures live photos.
👤 Law Enforcement Officer – Accesses restricted data, verifies identities using biometrics, and checks criminal records.

Technology Stack:
Power Apps (Model-Driven &amp; Canvas Apps) – For data management and mobile access.
Dataverse – Secure and scalable storage for citizen information.
AI Builder (OCR) – Extracts text from scanned identity documents.
Azure Cognitive Services (Face &amp; Fingerprint Recognition) – Enables biometric authentication.
Power Automate – Automates workflows for document processing and approvals.</msdyn_prompt>
  <statecode>0</statecode>
  <statuscode>1</statuscode>
</msdyn_plan>