<msdyn_planartifact msdyn_planartifactid="ada763ab-87ee-ef11-9342-000d3aafe382">
  <iscustomizable>1</iscustomizable>
  <msdyn_artifactmetadataschemaversion>1.0</msdyn_artifactmetadataschemaversion>
  <msdyn_artifactstatus>419550000</msdyn_artifactstatus>
  <msdyn_description>A structured app for registration officers to manage citizen records, scan documents, and capture biometric data.</msdyn_description>
  <msdyn_name>Citizen Registration Model</msdyn_name>
  <msdyn_proposal mimetype="application/octet-stream">Citizen Registration Model</msdyn_proposal>
  <msdyn_proposalschemaversion>1.0</msdyn_proposalschemaversion>
  <msdyn_type>PowerAppsModelApp</msdyn_type>
  <statecode>0</statecode>
  <statuscode>1</statuscode>
</msdyn_planartifact>