{
  "properties": {
    "connectionReferences": {
      "shared_wordonlinebusiness": {
        "runtimeSource": "embedded",
        "connection": {
          "connectionReferenceLogicalName": "czn_sharedwordonlinebusiness_0d3f4"
        },
        "api": {
          "name": "shared_wordonlinebusiness"
        }
      },
      "shared_office365": {
        "runtimeSource": "embedded",
        "connection": {
          "connectionReferenceLogicalName": "czn_sharedoffice365_2069c"
        },
        "api": {
          "name": "shared_office365"
        }
      },
      "shared_commondataserviceforapps": {
        "runtimeSource": "embedded",
        "connection": {
          "connectionReferenceLogicalName": "czn_sharedcommondataserviceforapps_234c5"
        },
        "api": {
          "name": "shared_commondataserviceforapps"
        }
      }
    },
    "definition": {
      "$schema": "https://schema.management.azure.com/providers/Microsoft.Logic/schemas/2016-06-01/workflowdefinition.json#",
      "contentVersion": "1.0.0.0",
      "parameters": {
        "$connections": {
          "defaultValue": {},
          "type": "Object"
        },
        "$authentication": {
          "defaultValue": {},
          "type": "SecureObject"
        }
      },
      "triggers": {
        "When_a_row_is_added,_modified_or_deleted": {
          "metadata": {
            "operationMetadataId": "06018334-359c-4c41-88ab-cb9d0f1faae0"
          },
          "type": "OpenApiConnectionWebhook",
          "inputs": {
            "host": {
              "connectionName": "shared_commondataserviceforapps",
              "operationId": "SubscribeWebhookTrigger",
              "apiId": "/providers/Microsoft.PowerApps/apis/shared_commondataserviceforapps"
            },
            "parameters": {
              "subscriptionRequest/message": 3,
              "subscriptionRequest/entityname": "cr762_citizen2",
              "subscriptionRequest/scope": 4
            },
            "authentication": "@parameters('$authentication')"
          },
          "conditions": [
            {
              "expression": "@equals(triggerOutputs()?['body/_czn_applicationstatus_label'], 'Approved')"
            }
          ]
        }
      },
      "actions": {
        "Initialize_variable": {
          "runAfter": {
            "Download_a_file_or_an_image": [
              "Succeeded"
            ]
          },
          "metadata": {
            "operationMetadataId": "be36f895-d8bb-4426-92b1-f91ad38bbb94"
          },
          "type": "InitializeVariable",
          "inputs": {
            "variables": [
              {
                "name": "picture",
                "type": "object",
                "value": {
                  "$content-type": "image/png",
                  "$content": "@{base64(outputs('Download_a_file_or_an_image')?['body'])}"
                }
              }
            ]
          }
        },
        "Populate_a_Microsoft_Word_template": {
          "runAfter": {
            "Initialize_variable": [
              "Succeeded"
            ]
          },
          "metadata": {
            "01X7NUVGCJA2SXRXDCY5GKZ6QKU52QRCFA": "/Citizen 2025-2-27 8-7-0.docx",
            "01X7NUVGAWHSPUSPZIGBDICSATSP3UNOMG": "/Citizen 2025-2-27 8-7-0_pic.docx",
            "01X7NUVGCAXX2UTQL2KJAIZANLMXUCBTOP": "/mycitizencard.docx",
            "01X7NUVGCXFOM2TRBY5VBKUC4O7RWMDYVZ": "/mycitizencard1.docx",
            "01X7NUVGF4A6YNUZTD7NBK6PPLN5BGTWUH": "/Citizen 2025-2-27 8-7-0_picture.docx",
            "01X7NUVGEKRPSF55RHIFCLBFG5MMZKCSVD": "/Citizen 2025-2-27 8-7-0_working_version.docx",
            "operationMetadataId": "e5dd084e-c78b-46a8-ab9c-07e39d17b34c"
          },
          "type": "OpenApiConnection",
          "inputs": {
            "host": {
              "connectionName": "shared_wordonlinebusiness",
              "operationId": "CreateFileItem",
              "apiId": "/providers/Microsoft.PowerApps/apis/shared_wordonlinebusiness"
            },
            "parameters": {
              "source": "me",
              "drive": "b!hi8YrD6e3U-ZXvxbqN0heNZcCSRRfnlBuzZoHQBPrPW4ysSlPe-bRYjiT-xFKO95",
              "file": "01X7NUVGEKRPSF55RHIFCLBFG5MMZKCSVD",
              "dynamicFileSchema/192432080": "@triggerOutputs()?['body/cr762_lastname']",
              "dynamicFileSchema/832877034": "@triggerOutputs()?['body/_cr762_gender_label']\r\n",
              "dynamicFileSchema/1104921089": "@triggerOutputs()?['body/cr762_dateofbirth']",
              "dynamicFileSchema/1409116423": "@variables('picture')",
              "dynamicFileSchema/2010942263": "@triggerOutputs()?['body/cr762_address']",
              "dynamicFileSchema/-422725407": "@triggerOutputs()?['body/cr762_firstname']",
              "dynamicFileSchema/-398983494": "@triggerOutputs()?['body/cr762_nationalidnumber']",
              "dynamicFileSchema/-1651441999": "@triggerOutputs()?['body/czn_registrationdate']",
              "dynamicFileSchema/-1195459424": "@triggerOutputs()?['body/czn_idcardnumber']"
            },
            "authentication": "@parameters('$authentication')"
          }
        },
        "Send_an_email_(V2)": {
          "runAfter": {
            "Populate_a_Microsoft_Word_template": [
              "Succeeded"
            ]
          },
          "metadata": {
            "operationMetadataId": "5c69b975-1eba-42e3-aa3c-0b185adcb843"
          },
          "type": "OpenApiConnection",
          "inputs": {
            "host": {
              "connectionName": "shared_office365",
              "operationId": "SendEmailV2",
              "apiId": "/providers/Microsoft.PowerApps/apis/shared_office365"
            },
            "parameters": {
              "emailMessage/To": "andrewphiri@224m63.onmicrosoft.com",
              "emailMessage/Subject": "Citizenship Card Approved",
              "emailMessage/Body": "<p>Congratulations @{triggerOutputs()?['body/cr762_firstname']} @{triggerOutputs()?['body/cr762_lastname']},<br>\n<br>\nYour Power Platform Citizenship application has been approved.<br>\n<br>\nPlease find attached your Citizenship card.</p>",
              "emailMessage/Attachments": [
                {
                  "Name": "card.docx",
                  "ContentBytes": "@body('Populate_a_Microsoft_Word_template')"
                }
              ]
            },
            "authentication": "@parameters('$authentication')"
          }
        },
        "Download_a_file_or_an_image": {
          "runAfter": {},
          "metadata": {
            "operationMetadataId": "214cbac3-4614-41ad-9a1f-c064a063a4ac"
          },
          "type": "OpenApiConnection",
          "inputs": {
            "host": {
              "connectionName": "shared_commondataserviceforapps",
              "operationId": "GetEntityFileImageFieldContent",
              "apiId": "/providers/Microsoft.PowerApps/apis/shared_commondataserviceforapps"
            },
            "parameters": {
              "entityName": "cr762_citizen2s",
              "recordId": "@triggerOutputs()?['body/cr762_citizen2id']",
              "fileImageFieldName": "czn_passportsizephoto"
            },
            "authentication": "@parameters('$authentication')"
          }
        }
      },
      "outputs": {}
    },
    "templateName": "78720f54e49444d0bd456477288a7ef7"
  },
  "schemaVersion": "1.0.0.0"
}