<botcomponent schemaname="cr762_registrationOfficerAssistant_6cFqB.topic.Task_Citizen_Z_IiRSmA4SWkcVX707ZQ1">
  <componenttype>16</componenttype>
  <description>This knowledge source answers questions found in the following Dataverse tables: Task, Citizen</description>
  <iscustomizable>0</iscustomizable>
  <name>Task, Citizen</name>
  <parentbotid>
    <schemaname>cr762_registrationOfficerAssistant_6cFqB</schemaname>
  </parentbotid>
  <statecode>0</statecode>
  <statuscode>1</statuscode>
</botcomponent>