<ImportExportXml version="9.2.25014.216" SolutionPackageVersion="9.2" languagecode="1033" generatedBy="CrmLive" xmlns:xsi="http://www.w3.org/2001/XMLSchema-instance" OrganizationVersion="9.2.25014.216" OrganizationSchemaType="Standard" CRMServerServiceabilityVersion="9.2.25021.00196">
  <SolutionManifest>
    <UniqueName>CitizenManagementHub</UniqueName>
    <LocalizedNames>
      <LocalizedName description="Citizen Management Hub" languagecode="1033" />
    </LocalizedNames>
    <Descriptions />
    <Version>1.0.0.1</Version>
    <Managed>0</Managed>
    <Publisher>
      <UniqueName>CitizenHub</UniqueName>
      <LocalizedNames>
        <LocalizedName description="CitizenHub" languagecode="1033" />
      </LocalizedNames>
      <Descriptions />
      <EMailAddress xsi:nil="true"></EMailAddress>
      <SupportingWebsiteUrl xsi:nil="true"></SupportingWebsiteUrl>
      <CustomizationPrefix>czn</CustomizationPrefix>
      <CustomizationOptionValuePrefix>77255</CustomizationOptionValuePrefix>
      <Addresses>
        <Address>
          <AddressNumber>1</AddressNumber>
          <AddressTypeCode>1</AddressTypeCode>
          <City xsi:nil="true"></City>
          <County xsi:nil="true"></County>
          <Country xsi:nil="true"></Country>
          <Fax xsi:nil="true"></Fax>
          <FreightTermsCode xsi:nil="true"></FreightTermsCode>
          <ImportSequenceNumber xsi:nil="true"></ImportSequenceNumber>
          <Latitude xsi:nil="true"></Latitude>
          <Line1 xsi:nil="true"></Line1>
          <Line2 xsi:nil="true"></Line2>
          <Line3 xsi:nil="true"></Line3>
          <Longitude xsi:nil="true"></Longitude>
          <Name xsi:nil="true"></Name>
          <PostalCode xsi:nil="true"></PostalCode>
          <PostOfficeBox xsi:nil="true"></PostOfficeBox>
          <PrimaryContactName xsi:nil="true"></PrimaryContactName>
          <ShippingMethodCode>1</ShippingMethodCode>
          <StateOrProvince xsi:nil="true"></StateOrProvince>
          <Telephone1 xsi:nil="true"></Telephone1>
          <Telephone2 xsi:nil="true"></Telephone2>
          <Telephone3 xsi:nil="true"></Telephone3>
          <TimeZoneRuleVersionNumber xsi:nil="true"></TimeZoneRuleVersionNumber>
          <UPSZone xsi:nil="true"></UPSZone>
          <UTCOffset xsi:nil="true"></UTCOffset>
          <UTCConversionTimeZoneCode xsi:nil="true"></UTCConversionTimeZoneCode>
        </Address>
        <Address>
          <AddressNumber>2</AddressNumber>
          <AddressTypeCode>1</AddressTypeCode>
          <City xsi:nil="true"></City>
          <County xsi:nil="true"></County>
          <Country xsi:nil="true"></Country>
          <Fax xsi:nil="true"></Fax>
          <FreightTermsCode xsi:nil="true"></FreightTermsCode>
          <ImportSequenceNumber xsi:nil="true"></ImportSequenceNumber>
          <Latitude xsi:nil="true"></Latitude>
          <Line1 xsi:nil="true"></Line1>
          <Line2 xsi:nil="true"></Line2>
          <Line3 xsi:nil="true"></Line3>
          <Longitude xsi:nil="true"></Longitude>
          <Name xsi:nil="true"></Name>
          <PostalCode xsi:nil="true"></PostalCode>
          <PostOfficeBox xsi:nil="true"></PostOfficeBox>
          <PrimaryContactName xsi:nil="true"></PrimaryContactName>
          <ShippingMethodCode>1</ShippingMethodCode>
          <StateOrProvince xsi:nil="true"></StateOrProvince>
          <Telephone1 xsi:nil="true"></Telephone1>
          <Telephone2 xsi:nil="true"></Telephone2>
          <Telephone3 xsi:nil="true"></Telephone3>
          <TimeZoneRuleVersionNumber xsi:nil="true"></TimeZoneRuleVersionNumber>
          <UPSZone xsi:nil="true"></UPSZone>
          <UTCOffset xsi:nil="true"></UTCOffset>
          <UTCConversionTimeZoneCode xsi:nil="true"></UTCConversionTimeZoneCode>
        </Address>
      </Addresses>
    </Publisher>
    <RootComponents>
      <RootComponent type="1" schemaName="cr762_biometricconfiguration" behavior="0" />
      <RootComponent type="1" schemaName="cr762_biometricdata" behavior="0" />
      <RootComponent type="1" schemaName="cr762_citizen2" behavior="0" />
      <RootComponent type="1" schemaName="cr762_identitydocument2" behavior="0" />
      <RootComponent type="1" schemaName="cr762_legaldocument1" behavior="0" />
      <RootComponent type="1" schemaName="cr762_policerecord2" behavior="0" />
      <RootComponent type="1" schemaName="cr762_user" behavior="0" />
      <RootComponent type="1" schemaName="cr762_user2" behavior="0" />
      <RootComponent type="1" schemaName="task" behavior="1" />
      <RootComponent type="9" schemaName="czn_campaignstatuschoice" behavior="0" />
      <RootComponent type="9" schemaName="czn_citizenapplicationstatus" behavior="0" />
      <RootComponent type="20" id="{3bdf95e8-47f6-ef11-bae2-7c1e521257d1}" behavior="0" />
      <RootComponent type="29" id="{299bb0b4-46f6-ef11-bae2-7c1e521257d1}" behavior="0" />
      <RootComponent type="62" schemaName="czn_CitizenRegistratd47696b6" behavior="0" />
      <RootComponent type="62" schemaName="czn_LawEnforceme397ad2d0" behavior="0" />
      <RootComponent type="62" schemaName="czn_SystemAdminMa7ec2a635" behavior="0" />
      <RootComponent type="80" schemaName="czn_CitizenRegistratcf7f46ad" behavior="0" />
      <RootComponent type="80" schemaName="czn_LawEnforceme58f74e47" behavior="0" />
      <RootComponent type="80" schemaName="czn_SystemAdminMaac46606e" behavior="0" />
      <RootComponent type="161" id="{9e34c12c-91ee-ef11-9342-000d3aafe382}" behavior="0" />
      <RootComponent type="300" schemaName="czn_citizenregistrationcanvas_6f9ea" behavior="0" />
      <RootComponent type="401" id="{3583ea78-15de-4514-b148-f1244fa0bf2c}" behavior="0" />
      <RootComponent type="401" id="{5f671626-82e7-4315-b2ac-2d1001436713}" behavior="0" />
      <RootComponent type="401" id="{b30d53a2-aa6d-41cb-b9ea-73eec4b1855e}" behavior="0" />
      <RootComponent type="401" id="{e5b2c4fe-83cb-4dc1-b46e-c6cf23c8f04e}" behavior="0" />
      <RootComponent type="431" schemaName="cr762_biometricdata czn_fingerprint" behavior="0" />
      <RootComponent type="431" schemaName="cr762_citizen2 czn_passportsizephoto" behavior="0" />
      <RootComponent type="432" schemaName="cr762_biometricdata" behavior="0" />
      <RootComponent type="432" schemaName="cr762_citizen2" behavior="0" />
    </RootComponents>
    <MissingDependencies>
      <MissingDependency>
        <Required type="1" schemaName="msdyn_aimodel" displayName="AI Model" solution="msdyn_AISolution (202501.2.7.1)">
          <package appName="PowerAI" version="202501.2.7.1">msdyn_AISolutionAnchor (202501.2.7.1)</package>
        </Required>
        <Dependent type="300" schemaName="czn_citizenregistrationcanvas_6f9ea" displayName="Citizen Management HuB Canvas" />
      </MissingDependency>
      <MissingDependency>
        <Required type="61" schemaName="msdyn_/Images/AppModule_Default_Icon.png" displayName="msdyn_/Images/AppModule_Default_Icon.png" solution="AppModuleWebResources (2.5)" />
        <Dependent type="80" schemaName="czn_CitizenRegistratcf7f46ad" displayName="Citizen Registration Model" />
      </MissingDependency>
      <MissingDependency>
        <Required type="61" schemaName="msdyn_/Images/AppModule_Default_Icon.png" displayName="msdyn_/Images/AppModule_Default_Icon.png" solution="AppModuleWebResources (2.5)" />
        <Dependent type="80" schemaName="czn_LawEnforceme58f74e47" displayName="Law Enforcement Access" />
      </MissingDependency>
      <MissingDependency>
        <Required type="61" schemaName="msdyn_/Images/AppModule_Default_Icon.png" displayName="msdyn_/Images/AppModule_Default_Icon.png" solution="AppModuleWebResources (2.5)" />
        <Dependent type="80" schemaName="czn_SystemAdminMaac46606e" displayName="System Admin Management" />
      </MissingDependency>
      <MissingDependency>
        <Required type="SettingDefinition" displayName="AppChannel" solution="msdyn_AppFrameworkInfraExtensions (1.0.0.12)" id.uniquename="AppChannel">
          <package appName="PowerAppsAppFramework Package" version="1.0.0.16">PowerAppsAppFramework_Anchor (1.0.0.16)</package>
        </Required>
        <Dependent type="AppSetting" displayName="parentappmoduleid.uniquename=czn_CitizenRegistratcf7f46ad,settingdefinitionid.uniquename=AppChannel" id.parentappmoduleid.uniquename="czn_CitizenRegistratcf7f46ad" id.settingdefinitionid.uniquename="AppChannel" />
      </MissingDependency>
      <MissingDependency>
        <Required type="SettingDefinition" displayName="AppChannel" solution="msdyn_AppFrameworkInfraExtensions (1.0.0.12)" id.uniquename="AppChannel">
          <package appName="PowerAppsAppFramework Package" version="1.0.0.16">PowerAppsAppFramework_Anchor (1.0.0.16)</package>
        </Required>
        <Dependent type="AppSetting" displayName="parentappmoduleid.uniquename=czn_LawEnforceme58f74e47,settingdefinitionid.uniquename=AppChannel" id.parentappmoduleid.uniquename="czn_LawEnforceme58f74e47" id.settingdefinitionid.uniquename="AppChannel" />
      </MissingDependency>
      <MissingDependency>
        <Required type="SettingDefinition" displayName="AppChannel" solution="msdyn_AppFrameworkInfraExtensions (1.0.0.12)" id.uniquename="AppChannel">
          <package appName="PowerAppsAppFramework Package" version="1.0.0.16">PowerAppsAppFramework_Anchor (1.0.0.16)</package>
        </Required>
        <Dependent type="AppSetting" displayName="parentappmoduleid.uniquename=czn_SystemAdminMaac46606e,settingdefinitionid.uniquename=AppChannel" id.parentappmoduleid.uniquename="czn_SystemAdminMaac46606e" id.settingdefinitionid.uniquename="AppChannel" />
      </MissingDependency>
    </MissingDependencies>
  </SolutionManifest>
</ImportExportXml>