<msdyn_planartifact msdyn_planartifactid="1b64a056-3fee-ef11-9342-000d3aafe382">
  <iscustomizable>1</iscustomizable>
  <msdyn_artifactmetadataschemaversion>1.0</msdyn_artifactmetadataschemaversion>
  <msdyn_artifactstatus>419550000</msdyn_artifactstatus>
  <msdyn_description>Automated flow to process scanned identity documents and populate citizen details using AI-powered OCR.</msdyn_description>
  <msdyn_name>Document Processing</msdyn_name>
  <msdyn_proposal mimetype="application/octet-stream">Document Processing</msdyn_proposal>
  <msdyn_proposalschemaversion>1.0</msdyn_proposalschemaversion>
  <msdyn_type>PowerAutomateFlow</msdyn_type>
  <statecode>0</statecode>
  <statuscode>1</statuscode>
</msdyn_planartifact>